row_id,Y
0,8.782164000000092
1,6.98666600000001
2,6.051937999999968
3,6.711158000000199
4,7.281690000000017
5,7.416297999999946
6,7.617502000000178
7,7.947299999999876
8,5.864857999999957
9,8.098976000000196
10,6.874616000000063
11,7.037747999999906
12,6.299055999999823
13,6.160357999999864
14,7.702743999999922
15,8.504202000000223
16,7.965458000000002
17,5.742593999999925
18,7.160196000000038
19,5.225684000000225
20,6.920519999999965
21,7.572482000000226
22,6.796434000000119
23,6.9299359999999695
24,5.6685839999998375
25,6.0509799999999725
26,7.113799999999882
27,6.336392000000114
28,8.188176000000048
29,7.721948000000065
30,7.6409760000000535
31,7.918634000000129
32,7.702458000000016
33,6.569555999999983
34,6.9435819999999655
35,5.367064000000179
36,7.396934000000003
37,3.9511859999999848
38,7.667899999999955
39,7.365061999999777
40,5.243150000000144
41,8.249060000000043
42,6.048432000000174
43,8.034408000000118
44,5.969742000000002
45,7.265048000000003
46,6.725456000000144
47,7.112203999999945
48,7.301230000000075
49,6.449410000000047
50,7.935463999999849
51,8.428276000000077
52,7.676622000000041
53,7.762798000000133
54,7.2162319999999625
55,7.939510000000073
56,8.16166199999992
57,7.561645999999893
58,7.23770000000001
59,8.185806000000103
60,6.402732000000044
61,7.490310000000005
62,6.430868000000057
63,6.39722600000008
64,8.35931599999993
65,7.793702000000021
66,7.604379999999872
67,7.327983999999989
68,7.245509999999836
69,7.556315999999917
70,7.583848000000077
71,7.156838000000023
72,5.484147999999962
73,7.65672400000003
74,7.674548000000032
75,7.950310000000069
76,8.016931999999912
77,7.847468000000072
78,7.488596000000057
79,6.549941999999999
80,4.947507999999854
81,6.21074800000003
82,8.151177999999906
83,7.844303999999917
84,7.781249999999998
85,6.616570000000042
86,8.101799999999953
87,7.014144000000115
88,7.9961660000000006
89,7.828776000000102
90,8.056292000000012
91,8.042663999999986
92,8.347994000000147
93,7.8151900000001335
94,5.753017999999952
95,5.601381999999884
96,7.641251999999949
97,8.157756000000191
98,8.39253399999991
99,5.491668000000012
100,7.547557999999939
101,6.963614000000079
102,6.115765999999847
103,7.992947999999983
104,7.463559999999871
105,5.602065999999872
106,6.879314000000019
107,7.339321999999779
108,7.876583999999971
109,6.8155619999999235
110,7.98528400000004
111,7.543981999999902
112,7.879815999999794
113,7.721982000000091
114,8.165813999999923
115,7.701710000000005
116,7.6420599999999945
117,7.96884800000012
118,7.832961999999951
119,8.10069000000008
120,8.359490000000028
121,7.451536000000029
122,7.054749999999889
123,7.991851999999923
124,6.8388039999998975
125,7.890876000000113
126,7.293195999999855
127,7.489624000000047
128,7.678796000000095
129,6.977395999999827
130,7.684645999999946
131,7.213084000000243
132,7.828384000000087
133,7.645805999999974
134,8.676855999999997
135,8.455613999999928
136,5.239652000000004
137,8.340176000000051
138,8.092828000000097
139,4.27358400000019
140,8.150902000000086
141,7.763654000000015
142,7.205611999999929
143,7.632050000000079
144,7.452969999999842
145,6.04617399999997
146,7.674831999999993
147,7.816178000000075
148,8.028639999999891
149,7.856349999999993
150,6.160741999999962
151,6.779869999999982
152,8.051436000000153
153,7.6593480000001595
154,7.876477999999975
155,8.118830000000019
156,8.230787999999993
157,7.086495999999852
158,7.5396260000000765
159,6.046195999999876
160,7.936880000000368
161,7.355632000000027
162,5.149809999999974
163,7.605562000000097
164,7.864374000000063
165,6.222911999999956
166,6.092545999999989
167,6.272275999999912
168,7.961276000000024
169,8.484887999999946
170,6.296264000000273
171,7.995488000000067
172,6.8940580000001095
173,8.017435999999835
174,6.398069999999981
175,7.7620619999999905
176,6.8619200000000085
177,7.27635399999989
178,6.286406000000035
179,6.2106259999999
180,6.491318000000092
181,7.806601999999933
182,7.73621999999994
183,7.916910000000025
184,8.53790599999999
185,7.998747999999946
186,7.741295999999874
187,7.296804000000042
188,7.845503999999903
189,8.009528000000037
190,8.00870600000009
191,7.453086000000045
192,7.817507999999841
193,8.029044000000132
194,7.24983200000008
195,7.4653719999998795
196,6.682988000000156
197,7.940872000000169
198,7.995073999999999
199,7.882979999999949
200,7.605400000000083
201,7.702729999999972
202,7.346014000000101
203,7.8616240000000195
204,6.07546599999976
205,8.331160000000141
206,7.022745999999873
207,8.302649999999916
208,5.458862000000155
209,7.569438000000159
210,7.83184800000002
211,6.62753600000005
212,7.457044000000101
213,7.155406000000056
214,7.858401999999816
215,6.934981999999861
216,7.362471999999926
217,7.506178000000262
218,7.742094000000159
219,7.04613599999992
220,7.217034000000021
221,5.949465999999875
222,7.355178000000188
223,7.50842199999991
224,7.074115999999988
225,7.33476400000005
226,8.175480000000077
227,7.975027999999898
228,7.24388200000022
229,7.859302000000112
230,7.465822000000035
231,7.564148000000147
232,7.504922000000047
233,8.239509999999969
234,6.01532799999996
235,7.817116000000101
236,7.681770000000281
237,7.99608000000012
238,6.02917400000021
239,6.578342000000087
240,6.935440000000032
241,5.933377999999949
242,7.413195999999958
243,7.621764000000115
244,7.4207200000001325
245,6.943161999999822
246,6.015619999999837
247,7.570768000000085
248,7.959799999999844
249,6.154925999999932
250,7.413347999999882
251,7.899476000000072
252,7.7781920000001845
253,7.881693999999837
254,7.812285999999991
255,6.844755999999975
256,7.238885999999988
257,6.947911999999895
258,7.483023999999827
259,8.033448000000076
260,7.951315999999986
261,8.594370000000117
262,5.557623999999869
263,7.684230000000083
264,6.315717999999862
265,7.797388000000056
266,4.308446000000074
267,7.576190000000071
268,6.076761999999949
269,8.102082000000129
270,6.914452000000047
271,7.839836000000059
272,8.105909999999929
273,6.976201999999994
274,7.47773800000022
275,7.703776000000098
276,8.326427999999856
277,6.219921999999954
278,7.785005999999825
279,8.235214000000045
280,8.360886000000221
281,6.607320000000095
282,7.217856000000026
283,7.338281999999823
284,8.20278199999996
285,7.566917999999985
286,7.961069999999841
287,8.173622000000169
288,7.158737999999977
289,7.5662659999999775
290,7.7056919999999565
291,6.407877999999908
292,7.482072000000067
293,8.057107999999824
294,7.20494999999992
295,7.5844380000000235
296,5.191099999999863
297,7.787058000000052
298,7.0849019999999845
299,7.588328000000057
300,7.47311599999989
301,7.6430760000000095
302,7.189916000000073
303,6.5550600000000765
304,8.110674000000001
305,7.020777999999989
306,7.482091999999943
307,7.684829999999935
308,6.126145999999858
309,8.48893000000015
310,7.283034000000071
311,6.909248000000023
312,7.938438000000039
313,6.869258000000135
314,7.475620000000052
315,6.153101999999926
316,7.91702800000021
317,8.048276000000008
318,6.417552000000004
319,7.623316000000163
320,7.513515999999983
321,6.4495799999999335
322,7.490274000000107
323,8.116501999999958
324,6.394586000000196
325,7.620078000000032
326,7.4357720000000365
327,5.6644219999999255
328,7.274014000000149
329,7.294030000000037
330,6.807129999999938
331,8.257703999999995
332,6.16176800000013
333,7.294962000000097
334,8.679671999999838
335,7.5947960000000645
336,7.60140000000003
337,8.537062000000072
338,7.525117999999973
339,7.028936000000068
340,7.79914799999987
341,5.902779999999995
342,8.019953999999768
343,7.162444000000072
344,6.067916000000086
345,6.350288000000036
346,6.324418000000027
347,7.952310000000021
348,6.201976000000052
349,8.321639999999887
350,8.266550000000029
351,8.333471999999963
352,7.065310000000021
353,8.019715999999976
354,5.539799999999856
355,7.994384000000301
356,5.438290000000001
357,6.731228000000023
358,7.645448000000112
359,7.855012000000045
360,5.523749999999953
361,7.895022000000089
362,6.449233999999649
363,7.788568000000181
364,7.846186000000049
365,7.037271999999972
366,7.813489999999971
367,6.1027539999999885
368,4.615171999999844
369,7.75803399999996
370,7.757331999999919
371,7.387704000000065
372,7.950344000000237
373,7.411820000000006
374,7.7874640000001305
375,8.48690400000022
376,7.711246000000001
377,7.0935739999998955
378,7.320520000000074
379,7.168740000000043
380,7.872041999999992
381,7.073321999999974
382,7.577961999999997
383,8.092981999999898
384,7.945285999999964
385,7.3748299999998705
386,6.177369999999919
387,6.309596000000043
388,6.279128000000088
389,7.266005999999943
390,7.948214000000189
391,7.919241999999963
392,7.376063999999996
393,7.357380000000006
394,6.27490999999987
395,7.671704000000135
396,8.006401999999925
397,8.194754000000204
398,8.54171200000006
399,7.901419999999813
400,4.536674000000148
401,7.345569999999958
402,7.983588000000077
403,7.619144000000044
404,8.077557999999835
405,7.671554000000137
406,8.025324000000062
407,6.065200000000187
408,7.8866660000000515
409,7.964283999999931
410,8.573616000000213
411,8.400638000000123
412,7.341115999999987
413,7.013304000000016
414,7.6657100000000415
415,5.155759999999984
416,7.024424000000003
417,7.54381800000016
418,5.18901000000014
419,7.719426000000091
420,8.051135999999802
421,7.481337999999935
422,7.545751999999996
423,7.9488920000000665
424,6.456092000000105
425,5.675561999999972
426,6.812020000000006
427,7.877370000000112
428,7.877618000000163
429,8.079275999999863
430,8.008346000000047
431,7.48989800000001
432,7.1525299999999
433,7.707738000000108
434,7.646838000000058
435,7.755666000000031
436,7.70082599999994
437,6.201531999999972
438,5.8162780000000165
439,7.269365999999922
440,6.577893999999996
441,7.5802100000000046
442,6.896764000000166
443,7.728170000000039
444,7.916720000000109
445,7.224911999999931
446,7.708242000000213
447,7.488571999999898
448,7.2465119999999255
449,7.826068000000075
450,7.572164000000016
451,8.66367400000009
452,7.260696000000015
453,7.379078000000082
454,8.012816000000123
455,7.216564000000064
456,7.635230000000057
457,7.297988000000043
458,6.997287999999986
459,7.914831999999984
460,7.6416239999999815
461,5.576524000000033
462,7.899390000000001
463,7.675588000000112
464,7.434197999999927
465,7.488292000000084
466,6.772214000000038
467,7.607704000000168
468,7.432951999999984
469,6.139003999999932
470,7.846583999999956
471,8.101805999999915
472,7.873282000000205
473,6.318122000000015
474,6.482110000000011
475,7.340444000000051
476,7.502146000000031
477,7.9198500000000625
478,6.173948000000091
479,7.307403999999837
480,7.313068000000029
481,7.677243999999997
482,7.900896000000112
483,5.805399999999717
484,8.623904000000122
485,7.372043999999986
486,7.82708599999985
487,7.256777999999834
488,8.069937999999995
489,5.846014000000073
490,7.719804000000123
491,6.70552000000001
492,5.69188399999987
493,7.9875919999997915
494,8.001622000000076
495,6.977815999999999
496,7.6755420000000285
497,6.616953999999914
498,6.397447999999994
499,6.611434000000008
500,7.40377399999998
501,7.475051999999997
502,6.421575999999957
503,6.227780000000167
504,5.655689999999926
505,8.588751999999417
506,8.272495999999808
507,6.471335999999924
508,6.792514000000035
509,7.942266000000024
510,7.883517999999998
511,8.129654000000047
512,7.480376000000061
513,8.148429999999903
514,7.709275999999989
515,7.117776000000043
516,7.861216000000133
517,5.8395680000000185
518,8.076280000000082
519,7.4997140000001234
520,7.738349999999992
521,7.299298000000052
522,6.798039999999974
523,7.894276000000049
524,7.306167999999945
525,8.006924000000076
526,8.925405999999736
527,6.455437999999988
528,5.329780000000347
529,7.254592000000022
530,6.877183999999988
531,6.383757999999975
532,8.072047999999983
533,7.52159200000006
534,7.618105999999924
535,7.803553999999771
536,5.114337999999898
537,8.543145999999961
538,6.969915999999896
539,8.188035999999974
540,8.281881999999957
541,8.716742000000067
542,7.439954000000017
543,7.956561999999828
544,6.967463999999968
545,7.2210819999999805
546,7.9290319999998475
547,6.279077999999666
548,6.656142000000019
549,7.431998000000001
550,6.387450000000053
551,7.999555999999946
552,7.459104000000119
553,7.902268000000198
554,7.666961999999979
555,6.171034000000023
556,5.430651999999946
557,7.01225999999995
558,6.269014000000117
559,7.569734000000141
560,7.848353999999931
561,8.035718000000053
562,7.98860600000016
563,7.786161999999946
564,7.84695200000013
565,5.726265999999816
566,6.393158000000034
567,7.645999999999971
568,8.1598019999999
569,8.299645999999967
570,7.1673120000000505
571,7.003672000000036
572,7.667154000000049
573,6.149470000000022
574,6.717744000000163
575,8.33914399999993
576,5.94756799999993
577,7.25068000000013
578,7.1361520000000365
579,5.040764000000101
580,7.869166000000092
581,5.557361999999978
582,6.907174000000018
583,7.52439000000015
584,6.049276000000097
585,7.6027160000000045
586,7.227860000000099
587,4.765108000000098
588,6.966399999999975
589,7.468096000000086
590,7.512536000000015
591,5.1994799999997845
592,5.807465999999956
593,7.342344000000093
594,7.698286000000017
595,7.213679999999975
596,7.667554000000145
597,7.215076000000001
598,7.044202000000114
599,8.231407999999941
600,5.950119999999929
601,7.1590960000000265
602,7.668144000000003
603,7.209613999999958
604,7.1073920000000435
605,6.917121999999901
606,8.385519999999737
607,7.845603999999923
608,7.151621999999734
609,7.585421999999967
610,6.528486000000019
611,5.200577999999968
612,8.301520000000114
613,7.475382000000105
614,6.251650000000023
615,7.821252000000048
616,7.73431600000007
617,7.2552099999998365
618,7.9763840000001105
619,7.753998000000177
620,7.450712000000054
621,7.32175199999999
622,5.531583999999841
623,7.563920000000122
624,7.965048000000072
625,7.218129999999857
626,7.734608000000009
627,5.650075999999934
628,8.188668000000002
629,7.674635999999988
630,5.397780000000099
631,5.021080000000019
632,8.750352000000026
633,7.512427999999879
634,6.77913799999998
635,6.608389999999807
636,5.738599999999934
637,8.002707999999927
638,7.104839999999922
639,7.709408000000131
640,8.50560599999978
641,6.0502959999997445
642,6.284996000000069
643,7.5865920000000875
644,4.4966339999999105
645,7.71738800000005
646,5.972465999999925
647,5.848804000000001
648,6.963359999999957
649,7.691748000000114
650,6.893319999999948
651,7.371732000000139
652,7.496382000000016
653,7.385182000000002
654,8.174418000000056
655,7.913368000000008
656,6.147391999999892
657,5.7461879999997505
658,4.778206000000069
659,7.841415999999824
660,8.10342999999995
661,7.545686000000025
662,6.228041999999909
663,6.079207999999906
664,7.923270000000183
665,7.830186000000085
666,7.968248000000117
667,7.477733999999767
668,7.309244000000044
669,7.590325999999869
670,6.283441999999985
671,5.57656199999979
672,8.03579799999997
673,8.350201999999815
674,5.187219999999969
675,7.445198000000027
676,7.2119920000000075
677,7.765026000000151
678,5.525725999999938
679,8.66088999999989
680,8.366033999999988
681,7.621412000000036
682,8.014839999999941
683,8.153135999999916
684,4.9390500000000905
685,6.203891999999801
686,7.017001999999869
687,8.313636000000049
688,8.407507999999964
689,6.916447999999909
690,7.057027999999972
691,7.470826000000033
692,7.726809999999966
693,7.556577999999977
694,7.134541999999966
695,6.956047999999937
696,8.688396000000052
697,8.075127999999943
698,6.689818000000092
699,6.086639999999929
700,7.325352000000082
701,7.086488000000031
702,6.35629399999996
703,7.463070000000116
704,6.316614000000034
705,7.416668000000064
706,7.537769999999976
707,8.106385999999887
708,7.89438800000012
709,8.439875999999808
710,6.686085999999894
711,7.647251999999986
712,7.766107999999979
713,7.327429999999974
714,7.727994000000035
715,5.738821999999824
716,6.524568000000046
717,7.892187999999887
718,6.924766000000159
719,7.750561999999982
720,7.027546000000031
721,7.707319999999975
722,7.77842999999984
723,8.324202000000088
724,7.46325200000009
725,8.422678000000127
726,7.868671999999868
727,7.435690000000049
728,5.870187999999996
729,7.783701999999977
730,7.982983999999886
731,7.865444000000027
732,7.686198000000128
733,7.017346000000001
734,6.640579999999947
735,6.368606000000045
736,7.233600000000045
737,7.201771999999982
738,8.037618000000023
739,7.62827000000023
740,6.9749900000000835
741,7.253707999999994
742,7.983208000000026
743,6.131520000000008
744,7.521692000000153
745,8.10271400000004
746,7.6589840000001495
747,5.291876000000086
748,7.745768000000087
749,7.818938000000064
750,8.043354000000004
751,7.413589999999942
752,7.683972000000124
753,8.499221999999984
754,6.042637999999916
755,6.970121999999924
756,7.521628000000057
757,7.599385999999961
758,6.86065799999991
759,7.303651999999877
760,7.276343999999856
761,8.564909999999758
762,7.408280000000074
763,8.334107999999823
764,8.04841799999993
765,8.110788000000033
766,7.739347999999982
767,7.530373999999936
768,7.880446000000042
769,8.61315999999996
770,8.245815999999987
771,8.051536000000207
772,7.771340000000082
773,7.114551999999933
774,5.5360000000000325
775,8.488592000000112
776,6.046061999999994
777,7.9759200000000785
778,7.6548739999999915
779,3.827704000000045
780,8.066723999999953
781,6.129578000000084
782,8.055557999999852
783,8.14696399999991
784,7.2526819999999335
785,6.787646000000053
786,5.6386579999998965
787,8.13602799999997
788,7.8167099999999525
789,7.564024000000001
790,7.380878000000064
791,7.617633999999985
792,7.892872000000122
793,7.313546000000112
794,7.489474000000222
795,7.038389999999918
796,8.566898000000066
797,7.166799999999991
798,5.285532000000099
799,8.313017999999978
800,7.224941999999974
801,6.9820759999998785
802,6.910735999999975
803,7.388771999999981
804,7.049372000000041
805,5.988002000000127
806,8.041747999999954
807,7.9302659999999525
808,5.926264000000097
809,8.345654
810,7.807530000000117
811,5.370869999999997
812,7.86855199999999
813,7.823052000000146
814,5.954037999999873
815,7.687400000000007
816,7.824933999999945
817,7.804876000000078
818,8.12966600000011
819,8.010969999999997
820,7.491359999999992
821,8.53594600000004
822,7.877795999999874
823,7.764134000000152
824,7.372399999999984
825,7.202397999999931
826,7.78214800000011
827,8.144266000000076
828,6.47778800000022
829,8.608118000000086
830,6.753564000000082
831,5.474456000000116
832,7.4200159999999
833,5.182141999999857
834,6.388186000000066
835,7.61165800000001
836,4.957616000000015
837,8.018393999999816
838,8.067464000000106
839,7.734204000000094
840,8.31072199999993
841,7.000998000000004
842,7.9880800000002505
843,7.368661999999965
844,7.814026000000074
845,8.140746000000073
846,8.398628000000127
847,7.715738000000065
848,7.811144000000006
849,5.529524000000013
850,7.440532000000197
851,6.657721999999782
852,7.588963999999998
853,7.567126000000183
854,7.814956000000045
855,4.859776000000111
856,7.960475999999864
857,7.498219999999891
858,7.795906000000081
859,8.563302000000018
860,7.880067999999868
861,7.977263999999943
862,4.75465599999997
863,7.689482000000038
864,7.915728000000042
865,5.924835999999846
866,7.209376000000001
867,6.339589999999821
868,8.079246000000232
869,4.828236000000015
870,7.339260000000018
871,3.7538340000000403
872,7.747520000000016
873,7.4806000000000115
874,6.329026000000041
875,5.8854499999998655
876,7.879869999999705
877,7.571706000000009
878,8.06287400000006
879,8.055683999999886
880,7.533191999999894
881,7.478071999999996
882,5.009897999999888
883,5.48726200000011
884,8.103216000000158
885,7.41474399999996
886,8.603719999999987
887,7.787174000000053
888,5.987418000000028
889,7.266724000000024
890,7.438912000000077
891,6.467721999999977
892,5.484507999999856
893,8.494479999999909
894,7.0256300000000005
895,6.967975999999995
896,8.030844000000045
897,7.639978000000023
898,8.353358000000139
899,7.853300000000023
900,7.857795999999912
901,8.380001999999928
902,7.943956000000144
903,5.639623999999968
904,7.826336000000135
905,8.18246399999999
906,8.530872000000045
907,7.954925999999973
908,8.347683999999981
909,6.1198460000001464
910,8.273058000000058
911,6.947753999999939
912,8.03196800000003
913,7.58384000000012
914,7.454344000000032
915,7.360202000000021
916,7.651321999999896
917,7.131003999999905
918,7.4852480000000154
919,8.150206000000065
920,6.418576000000173
921,5.91960800000009
922,6.256602000000136
923,7.810548000000075
924,7.212778000000076
925,8.113763999999968
926,5.238238000000082
927,8.002210000000055
928,7.782138000000063
929,7.739305999999923
930,6.767435999999933
931,7.82239599999982
932,8.131626000000036
933,7.054887999999846
934,8.420860000000124
935,5.747475999999833
936,8.683590000000315
937,7.714897999999978
938,7.9272760000000515
939,6.856825999999925
940,7.430515999999897
941,8.214211999999963
942,6.385480000000162
943,7.516864000000123
944,7.938108000000029
945,8.60565599999954
946,8.035728000000153
947,4.776792000000315
948,5.309499999999931
949,7.058592000000045
950,3.9762719999999594
951,6.4235359999999755
952,5.829960000000015
953,4.826756000000055
954,7.549625999999793
955,5.866699999999889
956,7.273665999999946
957,7.834039999999899
958,5.985593999999847
959,6.46526599999992
960,7.567813999999992
961,7.821256000000001
962,7.74357
963,6.528862000000188
964,7.342605999999923
965,7.104429999999912
966,5.379147999999913
967,7.527565999999964
968,7.100468000000022
969,6.720580000000134
970,7.030463999999991
971,6.5938440000000265
972,8.08437000000022
973,8.010690000000057
974,8.40051599999989
975,6.736281999999851
976,5.78068199999999
977,7.704556000000049
978,7.077711999999859
979,3.9899040000001484
980,8.292924000000287
981,7.64340199999998
982,8.326023999999968
983,5.384220000000032
984,6.8249019999998035
985,7.975113999999942
986,3.683220000000129
987,8.058942
988,7.572416000000087
989,6.935833999999896
990,7.771298000000068
991,7.498017999999992
992,6.890539999999884
993,8.240876000000057
994,8.509109999999945
995,7.86005399999998
996,5.686645999999901
997,5.6279839999999295
998,7.698926000000132
999,7.5295780000000985
1000,7.26071999999996
1001,8.190555999999983
1002,7.990045999999834
1003,5.04666199999997
1004,7.454204000000064
1005,6.2997399999999075
1006,8.373373999999894
1007,7.070997999999958
1008,8.385934000000136
1009,7.278868000000004
1010,7.771207999999969
1011,7.840752000000191
1012,7.344898000000049
1013,7.809031999999979
1014,8.339441999999988
1015,7.509762000000099
1016,8.488179999999975
1017,7.845490000000033
1018,6.438223999999931
1019,7.474560000000096
1020,7.785652000000045
1021,7.840335999999887
1022,7.417852000000195
1023,7.766423999999909
1024,7.61909200000009
1025,8.155201999999962
1026,8.012050000000007
1027,7.223681999999992
1028,6.862142000000019
1029,6.605670000000004
1030,5.646358000000023
1031,6.185593999999995
1032,5.514961999999882
1033,7.548364000000038
1034,7.003072000000061
1035,8.12317799999997
1036,8.250873999999891
1037,7.315244000000009
1038,7.470117999999726
1039,8.100562000000108
1040,7.680503999999967
1041,7.727771999999965
1042,7.862918000000091
1043,7.676270000000052
1044,8.076646000000038
1045,8.030311999999892
1046,7.404654000000074
1047,6.394836000000089
1048,6.790429999999926
1049,7.943599999999818
1050,7.563492000000049
1051,6.740261999999777
1052,7.838378000000223
1053,7.511608000000034
1054,7.463036000000015
1055,7.900551999999993
1056,7.878460000000148
1057,7.838819999999959
1058,8.053458000000013
1059,5.716143999999992
1060,8.10325600000008
1061,5.503247999999926
1062,7.9728939999999495
1063,8.065724000000076
1064,7.923588000000015
1065,7.828722000000013
1066,7.4636440000000235
1067,7.900073999999871
1068,7.383869999999968
1069,8.069985999999977
1070,8.541029999999969
1071,7.9196680000000095
1072,5.594478000000046
1073,7.786258000000066
1074,6.586058000000098
1075,7.91480799999997
1076,8.240689999999967
1077,6.428796000000047
1078,7.121964000000087
1079,7.946696000000117
1080,8.038052000000116
1081,6.214275999999963
1082,8.099109999999905
1083,6.066519999999799
1084,7.043219999999953
1085,8.37198799999997
1086,5.929839999999817
1087,7.867632000000032
1088,6.374121999999699
1089,5.955004000000022
1090,6.124449999999944
1091,7.634162000000119
1092,7.539216000000267
1093,6.862623999999968
1094,6.557083999999844
1095,7.942816000000012
1096,7.323013999999995
1097,7.410208000000043
1098,7.947486000000336
1099,7.783584000000092
1100,7.425048000000067
1101,7.90863400000002
1102,8.075830000000039
1103,7.367599999999981
1104,6.005199999999971
1105,5.807625999999933
1106,7.322406000000082
1107,6.387731999999949
1108,7.275557999999827
1109,8.345747999999954
1110,8.119661999999998
1111,7.537852000000098
1112,6.9267840000000565
1113,7.695690000000019
1114,7.904812000000023
1115,4.955763999999876
1116,8.064108000000033
1117,8.207214000000095
1118,8.500666000000066
1119,5.316054000000086
1120,7.2045560000000055
1121,5.213257999999832
1122,6.570993999999907
1123,5.878124000000028
1124,7.7988420000000955
1125,6.928461999999735
1126,6.498902000000103
1127,7.253862000000153
1128,7.359054000000005
1129,7.024425999999955
1130,5.693677999999854
1131,7.473326000000069
1132,7.70095199999997
1133,4.938954000000103
1134,7.1305859999999
1135,7.877077999999991
1136,7.163346000000008
1137,6.882504000000024
1138,6.345413999999874
1139,7.574678000000129
1140,6.391778000000105
1141,6.257471999999944
1142,7.607106000000218
1143,5.5607320000000175
1144,8.589787999999988
1145,7.498602000000063
1146,7.432136000000016
1147,6.906435999999795
1148,5.041378000000065
1149,8.274601999999952
1150,7.895502000000008
1151,7.863341999999992
1152,6.105415999999958
1153,7.873126000000014
1154,7.994446000000151
1155,7.1923159999998285
1156,7.642985999999994
1157,7.401047999999946
1158,8.177048000000061
1159,7.053007999999968
1160,6.912029999999935
1161,6.324805999999926
1162,7.820831999999949
1163,7.794956000000068
1164,8.524413999999943
1165,5.9348139999998
1166,5.743329999999674
1167,7.051041999999998
1168,5.158141999999979
1169,6.770580000000138
1170,7.250994000000101
1171,8.518356000000061
1172,7.72762800000013
1173,7.6027900000000646
1174,6.97953599999991
1175,7.791453999999962
1176,7.822470000000028
1177,6.97473000000002
1178,7.935114000000096
1179,7.578509999999991
1180,7.564094000000172
1181,6.888718000000074
1182,8.215161999999793
1183,7.959746000000101
1184,6.994537999999982
1185,7.603162000000135
1186,7.918897999999809
1187,7.957853999999958
1188,8.63555400000014
1189,6.507047999999972
1190,6.962010000000012
1191,8.511079999999954
1192,7.325927999999976
1193,7.408728000000151
1194,6.9778319999999905
1195,7.759273999999995
1196,6.9348759999998215
1197,7.614388000000049
1198,7.599914000000018
1199,7.7290680000002885
1200,7.7677280000000275
1201,7.328349999999997
1202,7.877308000000137
1203,8.016486000000082
1204,8.291359999999878
1205,7.418376000000013
1206,5.480539999999923
1207,7.793331999999964
1208,6.425310000000221
1209,7.126142000000016
1210,6.953951999999932
1211,7.5485340000000525
1212,8.379828000000087
1213,8.160754000000162
1214,5.798301999999727
1215,5.216834000000023
1216,6.47863199999989
1217,5.297711999999885
1218,6.851037999999917
1219,7.354082000000005
1220,8.315077999999817
1221,6.484322000000086
1222,7.832867999999739
1223,8.07494799999999
1224,7.780649999999862
1225,8.036358000000085
1226,7.366473999999899
1227,6.3125800000000645
1228,7.406842000000065
1229,7.864915999999995
1230,7.762406000000189
1231,6.783830000000059
1232,8.173306000000133
1233,6.534047999999968
1234,7.481616000000019
1235,7.435398000000036
1236,8.405241999999976
1237,6.763019999999924
1238,7.800066000000039
1239,7.601714000000048
1240,6.659996000000087
1241,7.963789999999954
1242,7.112968000000105
1243,7.450004000000107
1244,6.371240000000025
1245,5.863379999999873
1246,7.336610000000128
1247,7.625016000000105
1248,7.409401999999984
1249,7.775203999999906
1250,5.137605999999993
1251,8.282000000000034
1252,8.500501999999708
1253,7.230375999999934
1254,8.035886000000085
1255,7.813472000000015
1256,7.939342000000089
1257,7.909363999999917
1258,8.042449999999963
1259,7.529236000000107
1260,8.242515999999737
1261,8.45111000000021
1262,8.02758000000004
1263,7.280593999999956
1264,7.61748600000004
1265,6.227146000000126
1266,7.593451999999952
1267,7.6695400000000085
1268,7.702959999999981
1269,7.6453180000000325
1270,7.327628000000007
1271,7.365075999999725
1272,7.648168000000005
1273,5.160267999999884
1274,7.558429999999962
1275,7.54116600000006
1276,7.178211999999924
1277,6.4614300000000995
1278,6.040937999999805
1279,8.044628000000095
1280,7.465844000000242
1281,6.758571999999939
1282,6.064343999999868
1283,8.449790000000048
1284,8.316881999999977
1285,7.639812000000001
1286,6.354411999999947
1287,6.119490000000055
1288,7.739616000000008
1289,7.2788440000000945
1290,7.700389999999956
1291,8.020274000000008
1292,7.48454199999994
1293,5.027768000000077
1294,6.972849999999991
1295,7.5991840000000925
1296,7.261295999999989
1297,7.904042000000072
1298,7.237878000000064
1299,7.671015999999828
1300,7.688652000000196
1301,8.146153999999994
1302,8.644047999999863
1303,7.4000219999998516
1304,6.581409999999956
1305,5.544783999999931
1306,6.312867999999837
1307,6.300512000000117
1308,7.264011999999853
1309,4.928120000000083
1310,8.353433999999998
1311,7.195855999999957
1312,7.020332000000051
1313,7.436980000000034
1314,7.408013999999955
1315,6.7728900000003005
1316,7.157845999999877
1317,7.913865999999818
1318,5.776460000000021
1319,8.228284000000047
1320,8.021812000000033
1321,7.86829599999989
1322,8.140082000000056
1323,8.309954000000044
1324,6.081481999999948
1325,7.89679400000015
1326,7.23978800000005
1327,7.597595999999995
1328,6.203290000000117
1329,6.921209999999891
1330,7.274149999999999
1331,7.835483999999985
1332,5.325387999999906
1333,5.55362199999994
1334,6.994036000000026
1335,7.424047999999971
1336,7.797878000000137
1337,7.46262000000009
1338,8.59300800000003
1339,8.129492000000072
1340,7.756746000000139
1341,7.801428000000033
1342,6.873487999999979
1343,8.567829999999983
1344,8.547382000000077
1345,6.012866000000384
1346,7.489100000000022
1347,7.542550000000083
1348,8.292136000000003
1349,6.568896000000014
1350,8.144067999999933
1351,5.800963999999849
1352,7.2140939999999905
1353,4.894206000000012
1354,7.0246960000000325
1355,5.317280000000171
1356,7.146749999999744
1357,8.033300000000034
1358,7.451772000000127
1359,7.574479999999973
1360,8.332328000000091
1361,7.940635999999848
1362,5.26639799999986
1363,6.49923000000002
1364,7.652957999999931
1365,6.047597999999864
1366,7.205561999999953
1367,7.646572000000112
1368,6.499110000000101
1369,7.146753999999972
1370,7.822750000000037
1371,7.366411999999858
1372,6.506200000000011
1373,6.468103999999973
1374,7.75206999999995
1375,7.092886000000016
1376,7.583113999999847
1377,8.099216000000078
1378,7.928269999999983
1379,6.439691999999765
1380,7.578091999999688
1381,8.005472000000019
1382,7.568436000000067
1383,5.62933999999991
1384,7.7902000000002385
1385,7.920184000000046
1386,5.4077920000000015
1387,5.793594000000042
1388,4.367538000000046
1389,6.3407639999999335
1390,4.694070000000072
1391,5.409037999999819
1392,7.5330419999999325
1393,8.16055399999999
1394,6.769112000000001
1395,4.321729999999985
1396,6.120791999999976
1397,7.9667600000001215
1398,7.148819999999947
1399,7.075803999999944
1400,7.257992000000102
1401,6.9272100000001195
1402,6.926688000000064
1403,6.826555999999891
1404,8.4034479999999
1405,7.621098000000053
1406,7.9978960000000034
1407,8.373638000000009
1408,8.62477799999991
1409,7.271193999999987
1410,7.255153999999953
1411,7.930401999999949
1412,7.585862000000199
1413,6.53764599999981
1414,7.261039999999904
1415,7.952072000000035
1416,5.415296000000296
1417,7.265131999999998
1418,8.259159999999914
1419,7.726366000000098
1420,7.796627999999841
1421,8.166266000000142
1422,7.26827799999992
1423,7.659186000000146
1424,6.939273999999976
1425,7.53756799999971
1426,6.876916000000089
1427,6.187392000000054
1428,7.310549999999941
1429,6.21270200000008
1430,7.704832000000165
1431,7.5251279999999605
1432,5.627159999999967
1433,7.7738040000001
1434,7.555193999999811
1435,8.573742000000003
1436,7.838561999999963
1437,7.498946000000033
1438,6.034855999999911
1439,7.754528000000011
1440,7.546856000000048
1441,7.537166000000013
1442,6.379776000000142
1443,6.587195999999989
1444,6.46318600000023
1445,7.457896000000178
1446,7.7982199999999064
1447,8.202024000000263
1448,6.765863999999983
1449,7.674772000000143
1450,7.750404000000255
1451,7.853474000000164
1452,7.0387739999998855
1453,6.892501999999886
1454,7.21516799999994
1455,8.120028000000149
1456,6.301260000000105
1457,8.661456000000165
1458,6.487778000000093
1459,8.04071599999975
1460,7.382672000000134
1461,7.522894000000043
1462,7.669246000000021
1463,7.99843999999989
1464,7.5196759999999685
1465,7.800960000000108
1466,5.323064000000136
1467,7.47632000000002
1468,8.069611999999989
1469,8.000085999999927
1470,5.635939999999889
1471,7.310907999999955
1472,7.657439999999815
1473,7.441530000000192
1474,7.315354000000148
1475,7.442446000000012
1476,7.101330000000067
1477,4.1308339999999655
1478,5.8827000000000105
1479,7.678208000000113
1480,8.124390000000085
1481,7.425588000000036
1482,7.334040000000042
1483,7.9910740000002
1484,8.208424000000095
1485,7.58139199999992
1486,7.109916000000029
1487,7.361745999999942
1488,6.932795999999942
1489,6.480654000000117
1490,6.477730000000109
1491,7.87660399999994
1492,6.314265999999968
1493,6.453578000000217
1494,8.045099999999875
1495,7.030105999999861
1496,8.139520000000005
1497,7.031883999999952
1498,5.5429540000000515
1499,4.958252000000072
1500,7.489694000000102
1501,4.957893999999881
1502,7.65536799999996
1503,6.7106979999998275
1504,5.188703999999919
1505,7.271941999999886
1506,8.045994000000077
1507,7.696863999999904
1508,6.142461999999859
1509,8.013720000000083
1510,7.731318000000035
1511,7.784876000000177
1512,7.651114000000209
1513,8.07646
1514,8.114031999999922
1515,6.845933999999902
1516,7.691857999999888
1517,7.485289999999958
1518,8.22743399999982
1519,7.052547999999932
1520,7.179997999999849
1521,7.707911999999845
1522,8.401552000000109
1523,7.961335999999991
1524,7.486024000000021
1525,8.034624000000171
1526,8.042355999999979
1527,7.243023999999976
1528,7.4187279999999785
1529,8.034140000000107
1530,5.748315999999782
1531,7.324749999999874
1532,8.370248000000137
1533,7.832298000000048
1534,7.028409999999849
1535,8.336246000000164
1536,8.449231999999965
1537,6.3360360000000755
1538,7.936214000000154
1539,8.56674200000023
1540,6.200943999999981
1541,8.129955999999988
1542,7.210539999999982
1543,8.35131199999991
1544,8.239491999999977
1545,8.041633999999986
1546,7.893853999999894
1547,7.1939099999999
1548,6.791676000000039
1549,6.252725999999918
1550,7.28433599999994
1551,8.406561999999903
1552,7.74746800000002
1553,7.3711939999998055
1554,5.253797999999958
1555,8.307189999999999
1556,8.332364000000055
1557,8.097130000000224
1558,3.807125999999996
1559,7.721082000000143
1560,7.752033999999921
1561,6.138443999999935
1562,8.576881999999971
1563,7.038250000000008
1564,6.32219600000003
1565,6.571644000000355
1566,6.321054000000039
1567,6.281405999999884
1568,6.31358600000009
1569,5.649129999999937
1570,6.50328599999986
1571,6.76610800000002
1572,7.405458000000103
1573,7.621552000000012
1574,8.225882000000073
1575,7.848282000000174
1576,7.73461399999984
1577,7.159069999999909
1578,8.173452000000042
1579,7.354300000000138
1580,5.886901999999932
1581,5.2708700000001105
1582,7.84530399999997
1583,7.626100000000028
1584,8.09249799999998
1585,4.771392000000137
1586,8.283208000000018
1587,7.567306000000144
1588,7.40627400000005
1589,7.507406000000022
1590,7.590084000000064
1591,8.00001200000005
1592,8.69062000000015
1593,7.2995039999999864
1594,5.260045999999935
1595,8.577528000000028
1596,7.860768000000002
1597,8.484982000000084
1598,6.151374000000032
1599,6.169149999999937
1600,6.764930000000022
1601,6.4094019999999245
1602,5.452666000000012
1603,5.778955999999834
1604,7.486249999999955
1605,6.178529999999922
1606,8.240696000000037
1607,7.814746000000091
1608,7.601157999999843
1609,8.984946000000246
1610,5.10528799999994
1611,7.9134000000001015
1612,4.13467600000006
1613,7.926544000000074
1614,7.153640000000158
1615,7.037383999999965
1616,7.747994000000252
1617,7.74315199999987
1618,6.438427999999956
1619,7.684484000000083
1620,8.526536000000053
1621,7.805533999999809
1622,5.786865999999985
1623,7.0776219999998835
1624,7.4575880000000225
1625,7.821268000000196
1626,5.406583999999985
1627,7.548084000000031
1628,8.152444000000056
1629,7.252951999999957
1630,7.500738000000032
1631,6.412212000000215
1632,4.219311999999958
1633,6.6842640000000175
1634,7.779580000000007
1635,7.910029999999949
1636,6.43321400000011
1637,6.4002020000001645
1638,7.254024000000091
1639,5.196167999999893
1640,7.256955999999861
1641,4.853572000000011
1642,7.357647999999982
1643,8.063493999999825
1644,6.889748000000144
1645,7.251406000000113
1646,6.33733000000007
1647,7.136511999999914
1648,6.9972280000000655
1649,6.007546000000021
1650,7.910567999999854
1651,7.922376000000046
1652,6.49814200000005
1653,6.650223999999875
1654,7.979213999999968
1655,7.136867999999995
1656,5.70133400000001
1657,7.110973999999889
1658,7.260935999999834
1659,7.444808000000047
1660,6.532304000000236
1661,7.482476000000024
1662,7.963694000000067
1663,8.249513999999946
1664,7.965242000000174
1665,6.195980000000009
1666,8.059676000000003
1667,7.512408000000101
1668,8.334583999999996
1669,7.699678000000211
1670,7.209566000000086
1671,6.288317999999936
1672,7.461038000000039
1673,7.857009999999966
1674,5.768883999999972
1675,8.162758000000027
1676,7.4840560000001455
1677,8.201643999999945
1678,7.284957999999994
1679,7.565216000000032
1680,7.227752000000026
1681,6.432318000000206
1682,5.9796340000000345
1683,7.751089999999909
1684,7.832284000000179
1685,7.8945719999999655
1686,7.773948000000037
1687,6.903479999999834
1688,8.293353999999889
1689,5.580888000000055
1690,8.617667999999952
1691,6.220070000000116
1692,7.429029999999977
1693,7.299554000000075
1694,8.269623999999883
1695,7.040352000000091
1696,7.385560000000142
1697,8.029993999999787
1698,7.45704800000001
1699,6.695103999999979
1700,7.328424000000257
1701,8.25568400000011
1702,6.493210000000017
1703,5.615385999999978
1704,7.579494000000146
1705,8.280488000000112
1706,6.280149999999835
1707,6.0715240000001955
1708,8.020120000000029
1709,6.679732000000043
1710,6.307341999999883
1711,7.924019999999963
1712,7.34968999999998
1713,5.684621999999673
1714,7.60131800000003
1715,7.8885540000002
1716,7.619385999999921
1717,8.179759999999954
1718,7.899070000000033
1719,7.041582000000011
1720,6.50293799999989
1721,5.788315999999872
1722,7.121004000000002
1723,7.866183999999901
1724,7.986087999999977
1725,7.385390000000149
1726,7.636399999999885
1727,7.836873999999883
1728,7.09702999999998
1729,7.898009999999995
1730,4.404040000000032
1731,7.296978000000189
1732,8.254579999999809
1733,5.856661999999994
1734,3.8305099999999976
1735,8.49746199999999
1736,7.245487999999954
1737,8.298025999999883
1738,7.633666000000028
1739,7.330499999999821
1740,8.430889999999968
1741,7.597286000000089
1742,5.969467999999983
1743,7.940786000000062
1744,6.267417999999768
1745,7.831945999999781
1746,7.320006000000008
1747,7.519247999999614
1748,6.208952000000092
1749,7.723731999999978
1750,5.9605559999999285
1751,7.116071999999967
1752,8.745469999999985
1753,5.583855999999905
1754,6.464268000000011
1755,7.675616000000072
1756,7.904898000000106
1757,7.879070000000038
1758,7.408555999999916
1759,6.321255999999773
1760,5.8580959999998345
1761,6.92264199999999
1762,6.807549999999974
1763,3.9501599999999404
1764,6.779487999999939
1765,7.371136000000083
1766,7.062828000000022
1767,7.3834959999999805
1768,7.456225999999926
1769,6.6256080000000015
1770,7.353558000000149
1771,7.86784600000005
1772,7.576099999999924
1773,7.695199999999979
1774,7.305397999999883
1775,7.7639499999998804
1776,8.104979999999946
1777,4.690992000000038
1778,7.676886000000079
1779,7.113215999999925
1780,8.606183999999885
1781,8.009523999999873
1782,7.675009999999823
1783,7.902801999999987
1784,7.409821999999998
1785,8.06393000000001
1786,6.4874660000000715
1787,7.330406000000026
1788,8.17038799999971
1789,6.432047999999939
1790,7.965540000000059
1791,7.480623999999905
1792,6.811551999999933
1793,6.064921999999918
1794,7.74832199999994
1795,6.291578000000036
1796,8.122222000000106
1797,6.411695999999961
1798,6.241563999999983
1799,8.050078000000045
1800,6.640248000000009
1801,7.934610000000079
1802,7.584882000000126
1803,8.592822000000078
1804,6.036396000000042
1805,8.209451999999931
1806,7.788369999999826
1807,4.847784000000024
1808,7.599879999999971
1809,5.829649999999823
1810,7.148357999999826
1811,7.64712399999998
1812,6.421017999999937
1813,5.0096599999999345
1814,7.629478000000022
1815,4.936611999999975
1816,8.598741999999747
1817,8.398263999999958
1818,6.11934199999981
1819,7.26469999999991
1820,6.673062000000058
1821,7.397028000000122
1822,6.902629999999882
1823,7.022932000000038
1824,7.65305799999994
1825,7.535362000000007
1826,8.282589999999908
1827,6.260792000000018
1828,6.018744000000039
1829,8.779995999999773
1830,7.551702000000136
1831,8.066919999999879
1832,6.1998579999998835
1833,8.184213999999884
1834,7.084217999999979
1835,4.78810400000009
1836,7.480387999999907
1837,7.841106000000123
1838,7.99742399999997
1839,7.701092000000061
1840,6.729156000000052
1841,7.867736000000067
1842,6.605080000000227
1843,8.164521999999973
1844,6.9290020000000965
1845,7.545869999999913
1846,6.880694000000006
1847,7.987184000000036
1848,7.430413999999961
1849,7.9222480000000495
1850,7.420938000000051
1851,7.617229999999996
1852,7.265946000000076
1853,8.767928000000133
1854,7.960910000000077
1855,7.678789999999972
1856,8.39980399999983
1857,6.898234000000039
1858,6.050811999999873
1859,5.765063999999887
1860,7.669080000000124
1861,4.241552000000046
1862,7.445439999999857
1863,7.383934000000181
1864,7.8408480000000385
1865,7.921476000000043
1866,5.696047999999834
1867,6.767298000000042
1868,6.946396000000044
1869,7.968956000000077
1870,7.573120000000084
1871,6.993019999999858
1872,7.061842000000103
1873,5.323237999999909
1874,7.555686000000004
1875,8.93160599999992
1876,7.6174260000000755
1877,6.280503999999906
1878,7.770688000000113
1879,7.786214000000001
1880,7.778276000000056
1881,5.760864000000176
1882,7.832026000000026
1883,7.043959999999989
1884,7.214195999999922
1885,5.545389999999982
1886,7.263440000000002
1887,6.080899999999988
1888,7.83482599999987
1889,5.247105999999922
1890,7.138739999999922
1891,8.073969999999965
1892,8.24511400000012
1893,7.403280000000186
1894,7.041265999999923
1895,7.588614000000189
1896,7.949238000000025
1897,6.1383159999998105
1898,6.479732000000119
1899,6.354202000000205
1900,8.277439999999968
1901,7.873385999999866
1902,7.815019999999922
1903,7.263900000000035
1904,7.965746000000038
1905,7.35634000000034
1906,5.9042039999999485
1907,8.443085999999992
1908,6.585173999999954
1909,7.89504799999998
1910,7.77586800000007
1911,7.6182359999999
1912,7.395359999999958
1913,7.599926000000051
1914,7.142469999999994
1915,6.982645999999966
1916,7.238331999999921
1917,7.27551199999987
1918,7.3651900000000055
1919,7.6225139999999545
1920,8.148568000000129
1921,5.67156199999981
1922,7.342621999999973
1923,5.7705899999998165
1924,6.336100000000075
1925,7.769482000000092
1926,7.8582979999998335
1927,8.146872000000076
1928,7.469793999999977
1929,8.001040000000044
1930,8.5383019999999
1931,6.902916000000082
1932,5.435567999999978
1933,6.665234000000151
1934,7.19984599999998
1935,6.398047999999987
1936,8.16177200000004
1937,8.049010000000061
1938,7.529748000000021
1939,7.368240000000036
1940,8.624772000000123
1941,5.250655999999949
1942,8.193376000000015
1943,6.44539599999987
1944,6.463562000000159
1945,6.236927999999922
1946,7.9400960000000556
1947,7.513294000000011
1948,7.436062000000062
1949,6.255269999999777
1950,7.135171999999901
1951,8.484120000000006
1952,8.20247599999991
1953,5.367922000000131
1954,6.4840800000001755
1955,7.597739999999976
1956,8.283575999999943
1957,7.422602000000009
1958,7.7444979999999894
1959,7.26602400000009
1960,6.889397999999992
1961,8.103080000000045
1962,8.276755999999912
1963,7.100904000000083
1964,6.9784979999999575
1965,7.674583999999958
1966,7.455349999999937
1967,7.836472000000056
1968,7.4853159999998535
1969,4.19893000000002
1970,7.675760000000123
1971,7.010045999999901
1972,6.9807160000002
1973,7.75061999999995
1974,7.950091999999786
1975,7.002084000000044
1976,8.180316000000097
1977,6.208239999999995
1978,7.916845999999896
1979,8.042420000000083
1980,4.9832339999999595
1981,8.228598000000147
1982,7.600763999999922
1983,7.606241999999981
1984,7.283047999999957
1985,7.584472000000004
1986,7.372194000000039
1987,6.899621999999951
1988,7.151144000000066
1989,7.832492000000081
1990,5.9866479999999145
1991,7.105602000000021
1992,7.939365999999796
1993,7.872579999999945
1994,8.089939999999913
1995,8.068008000000047
1996,5.64136000000016
1997,6.373676000000011
1998,5.415676000000011
1999,8.458137999999943
2000,7.564424000000117
2001,8.20277599999997
2002,8.152055999999988
2003,7.940330000000005
2004,8.286306000000081
2005,7.85580600000004
2006,7.340351999999943
2007,6.30936999999994
2008,8.115305999999993
2009,8.024540000000016
2010,8.308906000000084
2011,6.990398000000046
2012,7.886925999999859
2013,6.474810000000099
2014,7.412979999999983
2015,6.363628000000135
2016,5.5953379999999076
2017,7.15720799999996
2018,7.995742000000362
2019,7.8106279999999915
2020,7.641861999999968
2021,7.791538000000139
2022,7.837580000000088
2023,8.248931999999822
2024,6.9068259999999775
2025,4.798791999999971
2026,7.772386000000132
2027,7.63496200000025
2028,8.32442800000025
2029,8.284946000000051
2030,5.8466879999998245
2031,5.590233999999967
2032,6.919017999999886
2033,7.020484000000048
2034,7.517317999999633
2035,7.801435999999997
2036,8.570652000000095
2037,7.760016000000114
2038,5.9195599999998345
2039,8.345223999999977
2040,7.980503999999964
2041,6.527960000000142
2042,7.78510199999998
2043,5.498577999999983
2044,7.905064000000056
2045,7.684358000000047
2046,7.858150000000003
2047,7.79681200000002
2048,6.191571999999991
2049,6.112854000000157
2050,8.344883999999842
2051,7.30945999999988
2052,7.78295199999988
2053,6.637424000000064
2054,5.488483999999943
2055,7.943270000000103
2056,7.979448000000122
2057,7.523446000000024
2058,6.073213999999921
2059,8.09498199999995
2060,5.650591999999972
2061,7.96538599999996
2062,7.770902000000135
2063,5.3495360000000165
2064,7.836916000000124
2065,7.927037999999998
2066,7.709860000000018
2067,7.9864879999998895
2068,7.668594000000053
2069,8.038303999999908
2070,7.207356000000125
2071,7.359560000000146
2072,7.808887999999938
2073,7.412608000000012
2074,8.162866000000047
2075,7.656066000000024
2076,7.51120800000005
2077,7.653893999999964
2078,8.20423800000013
2079,8.076723999999981
2080,7.17099000000004
2081,7.0654080000000326
2082,7.426028000000043
2083,8.093714000000139
2084,7.7444259999999066
2085,7.7389339999997855
2086,8.028062000000007
2087,8.142099999999887
2088,7.52713799999997
2089,8.613894000000188
2090,4.874728000000129
2091,6.9281699999999855
2092,7.172541999999907
2093,7.056468000000035
2094,5.619005999999983
2095,7.669197999999989
2096,6.7877199999999345
2097,7.083589999999994
2098,8.536867999999828
2099,7.81540600000011
2100,7.98049999999995
2101,8.015900000000057
2102,7.518130000000014
2103,6.154634000000057
2104,7.541988000000111
2105,6.860685999999971
2106,6.330832000000013
2107,5.833273999999847
2108,7.232171999999905
2109,7.754436000000164
2110,4.46687000000004
2111,6.816869999999905
2112,6.924322000000166
2113,8.073129999999981
2114,6.45862599999986
2115,6.1823980000001155
2116,4.079863999999943
2117,8.401278000000033
2118,6.498181999999904
2119,7.118034000000002
2120,7.451189999999902
2121,6.29496200000014
2122,7.3095960000000035
2123,8.034023999999846
2124,6.228547999999989
2125,8.70016200000002
2126,7.866328000000272
2127,8.170896000000095
2128,8.12785999999992
2129,7.559386000000038
2130,7.094030000000104
2131,8.537896000000067
2132,7.418976000000048
2133,7.185045999999883
2134,6.526768000000166
2135,6.028083999999905
2136,7.968093999999997
2137,7.627864000000059
2138,7.611751999999941
2139,7.270524000000063
2140,6.762821999999947
2141,6.584772000000051
2142,7.951583999999901
2143,7.512028000000057
2144,8.301709999999911
2145,7.679415999999997
2146,7.87701600000026
2147,7.793212000000098
2148,7.951706000000135
2149,7.558452000000029
2150,6.836159999999882
2151,7.228334000000013
2152,5.269839999999974
2153,8.030217999999966
2154,8.369035999999923
2155,6.575546000000074
2156,7.205629999999986
2157,7.561748000000048
2158,7.555914000000052
2159,7.479068000000043
2160,7.087705999999949
2161,7.924535999999981
2162,6.5201980000001125
2163,8.380821999999885
2164,7.37267599999997
2165,8.497877999999778
2166,6.377355999999958
2167,7.612936000000022
2168,6.760734000000108
2169,7.675159999999993
2170,8.262349999999978
2171,7.510973999999906
2172,7.754660000000161
2173,7.305385999999932
2174,8.072503999999904
2175,8.541769999999937
2176,7.086301999999996
2177,7.8362119999998265
2178,7.8984640000000015
2179,7.228677999999981
2180,7.745666000000065
2181,7.529330000000088
2182,7.698819999999892
2183,7.175004000000061
2184,7.85807399999995
2185,7.261613999999926
2186,8.153771999999867
2187,6.76911000000005
2188,7.444946000000094
2189,7.032968000000046
2190,7.729457999999978
2191,6.366368000000032
2192,7.34099200000008
2193,7.668863999999981
2194,5.997839999999806
2195,7.617154000000117
2196,7.699009999999932
2197,6.927497999999998
2198,8.345737999999784
2199,7.555476000000037
2200,8.07149400000004
2201,8.753254000000089
2202,7.282684000000126
2203,7.683798000000065
2204,6.154589999999891
2205,7.305692000000015
2206,5.82797599999992
2207,7.735814000000017
2208,8.27534399999994
2209,7.131699999999953
2210,8.00012000000012
2211,7.6925860000000466
2212,8.077465999999951
2213,7.439692000000142
2214,8.02004200000013
2215,6.354965999999717
2216,7.807049999999872
2217,7.854716000000085
2218,7.676756000000135
2219,7.322155999999949
2220,7.704229999999858
2221,7.341281999999902
2222,8.096244000000112
2223,6.932643999999872
2224,8.298090000000032
2225,7.504589999999998
2226,6.244831999999898
2227,6.450452000000027
2228,7.449061999999993
2229,8.001462000000036
2230,6.45088599999984
2231,7.721832000000138
2232,7.506159999999906
2233,6.999724000000007
2234,5.46654600000014
2235,6.1598039999999346
2236,6.167301999999987
2237,5.600353999999878
2238,8.302204000000055
2239,4.086650000000006
2240,6.3537819999999705
2241,5.190312000000121
2242,7.183389999999887
2243,7.993054000000011
2244,8.449720000000083
2245,8.148230000000042
2246,7.946678000000068
2247,6.904641999999857
2248,6.135007999999931
2249,8.170116000000101
2250,6.064383999999849
2251,8.71054999999994
2252,7.800651999999991
2253,7.359904000000104
2254,7.455639999999963
2255,7.293425999999992
2256,7.651841999999965
2257,7.951383999999875
2258,7.376711999999845
2259,7.073375999999957
2260,6.778227999999882
2261,6.117308000000049
2262,7.509134000000115
2263,8.015040000000191
2264,8.195110000000026
2265,7.115561999999816
2266,6.353953999999884
2267,7.622890000000012
2268,7.041008000000108
2269,4.828995999999941
2270,7.735580000000176
2271,7.301341999999984
2272,7.477212000000048
2273,6.3952539999997695
2274,8.137898000000154
2275,7.329285999999984
2276,7.322799999999987
2277,6.272764000000089
2278,8.195019999999857
2279,7.7462219999999915
2280,8.181019999999977
2281,8.146081999999916
2282,7.208936000000072
2283,7.1523839999997785
2284,5.241152000000017
2285,7.775552000000064
2286,7.6412060000000155
2287,6.415606000000028
2288,5.708343999999978
2289,7.313742000000029
2290,6.226921999999931
2291,5.934704000000187
2292,6.352467999999623
2293,6.390824000000089
2294,7.733558000000019
2295,8.039829999999881
2296,4.705358000000086
2297,7.242736000000054
2298,7.258160000000006
2299,7.755026000000046
2300,7.33282199999995
2301,8.558461999999892
2302,7.135447999999978
2303,8.031515999999991
2304,7.802202000000069
2305,8.253647999999739
2306,7.607565999999954
2307,6.736625999999902
2308,7.957782000000062
2309,7.466489999999953
2310,7.748764000000167
2311,7.736300000000175
2312,8.175315999999972
2313,7.69143399999983
2314,7.771246000000135
2315,7.83220400000014
2316,7.239901999999921
2317,6.777435999999954
2318,5.735091999999946
2319,8.271870000000051
2320,7.815675999999755
2321,7.798296000000048
2322,7.915990000000097
2323,7.159790000000097
2324,7.3171719999999825
2325,6.359445999999928
2326,7.654698000000241
2327,7.494714000000026
2328,7.761615999999991
2329,8.475307999999961
2330,7.213165999999843
2331,8.23011999999997
2332,6.693691999999889
2333,6.764251999999967
2334,7.071863999999835
2335,6.445346000000129
2336,5.60798999999997
2337,5.905291999999957
2338,7.440387999999955
2339,7.690594000000052
2340,7.860586000000106
2341,7.015999999999863
2342,8.272025999999967
2343,6.03332999999992
2344,7.831992000000093
2345,6.447531999999681
2346,7.759300000000036
2347,8.268982000000038
2348,6.990840000000052
2349,8.02984200000001
2350,8.057231999999905
2351,8.224535999999977
2352,5.158118000000181
2353,5.8913539999999855
2354,7.8590259999999965
2355,7.851452000000084
2356,8.845898000000073
2357,7.410286000000179
2358,5.664831999999884
2359,6.202373999999984
2360,7.926519999999946
2361,7.8609960000000445
2362,8.25077000000012
2363,7.973552000000133
2364,7.713491999999972
2365,5.15047599999994
2366,6.514702000000084
2367,6.160873999999947
2368,7.659292000000075
2369,7.711680000000127
2370,7.54897200000002
2371,6.1786359999999885
2372,7.315613999999909
2373,7.747372000000038
2374,6.985845999999813
2375,5.993394000000346
2376,8.119664000000189
2377,7.838056000000001
2378,7.482059999999982
2379,7.662978000000013
2380,7.656085999999905
2381,8.184404000000018
2382,7.5715020000000415
2383,8.282151999999895
2384,5.843275999999877
2385,7.153324000000098
2386,6.8254100000001126
2387,6.747488000000017
2388,7.668444000000057
2389,7.529398000000071
2390,5.695523999999861
2391,7.09420999999992
2392,7.359494000000115
2393,6.061244000000006
2394,7.433264000000236
2395,7.762157999999969
2396,7.188688000000056
2397,6.696145999999996
2398,7.111176000000013
2399,5.722767999999991
2400,5.675516000000004
2401,7.218376000000068
2402,7.526988000000059
2403,7.887692000000051
2404,5.411542000000203
2405,5.490426000000049
2406,6.929098000000034
2407,7.683477999999959
2408,8.012479999999982
2409,8.461997999999907
2410,7.5214379999999235
2411,7.969991999999855
2412,8.011798000000054
2413,7.11923599999997
2414,7.550635999999958
2415,7.862242000000026
2416,7.19227799999992
2417,6.852729999999868
2418,6.564165999999945
2419,7.988544000000143
2420,7.520403999999922
2421,7.898972000000045
2422,6.982310000000031
2423,7.973186000000094
2424,8.011608000000129
2425,7.578546000000114
2426,7.609050000000147
2427,6.491093999999978
2428,7.94190400000001
2429,7.957861999999828
2430,7.979935999999964
2431,6.924634000000152
2432,5.1436499999999485
2433,7.733341999999911
2434,7.717156000000122
2435,8.493476000000106
2436,6.662286000000144
2437,7.390161999999966
2438,7.552039999999919
2439,6.7926539999998905
2440,7.776076000000028
2441,7.243526000000068
2442,3.8037679999998537
2443,7.736841999999908
2444,8.125035999999964
2445,6.171804000000031
2446,6.4064699999999135
2447,8.05641400000001
2448,7.406572000000052
2449,5.775197999999836
2450,7.312100000000163
2451,8.385044000000024
2452,7.348417999999798
2453,8.010122000000129
2454,5.70137399999982
2455,7.555414000000029
2456,7.331602000000032
2457,7.083763999999987
2458,6.223262000000047
2459,7.075854000000066
2460,7.74105599999986
2461,7.9627399999997435
2462,7.2256739999998985
2463,6.88529599999997
2464,7.308805999999966
2465,7.86243999999988
2466,6.548639999999912
2467,7.753855999999924
2468,6.973133999999946
2469,6.04948799999975
2470,7.6170779999999505
2471,7.8083160000000325
2472,8.474403999999755
2473,5.457820000000012
2474,6.762536000000104
2475,7.316467999999929
2476,7.341126000000001
2477,8.028796000000039
2478,7.5158680000000215
2479,7.229224000000073
2480,6.038309999999977
2481,6.555486000000046
2482,7.421813999999946
2483,7.491662000000121
2484,7.34994200000006
2485,8.23262799999981
2486,4.902846000000031
2487,8.42542400000009
2488,8.661842000000117
2489,7.1297839999998756
2490,5.794180000000094
2491,7.958896000000037
2492,7.035883999999828
2493,7.967898000000123
2494,7.56661999999994
2495,7.862106000000026
2496,8.161972000000045
2497,7.791816000000172
2498,7.437463999999786
2499,7.446377999999987
2500,7.807615999999897
2501,7.577093999999917
2502,7.686320000000033
2503,7.457636000000189
2504,7.997255999999978
2505,7.904898000000061
2506,8.153583999999947
2507,7.57188800000013
2508,7.798244000000019
2509,6.256857999999901
2510,8.204178000000041
2511,8.075578000000052
2512,7.456964000000121
2513,7.490047999999941
2514,6.730530000000197
2515,7.6011960000001215
2516,6.703090000000209
2517,7.386657999999933
2518,7.810240000000114
2519,7.625479999999989
2520,7.088399999999961
2521,7.053453999999966
2522,7.094714000000022
